iteration,number_of_points,new_sampled_point_observation,new_sampled_point,best_observation,best_point,number_of_improvement
0,11,252.40509033203125,"[-0.7025555372238159, -0.6386146545410156, 0.4873509407043457, -0.8149856328964233, 0.47121644020080566]",4.576705455780029,"[0.8754712343215942, 0.873501181602478, 0.9458339214324951, 0.9188523292541504, 0.8482335805892944]",0
