iteration,number_of_points,new_sampled_point_observation,new_sampled_point,best_observation,best_point,number_of_improvement
0,11,132.41314697265625,"[0.010744094848632812, 0.0952463150024414, 0.11272227764129639, -0.3910752534866333, -0.8939257860183716]",4.576705455780029,"[0.8754712343215942, 0.873501181602478, 0.9458339214324951, 0.9188523292541504, 0.8482335805892944]",0
