iteration,number_of_points,new_sampled_point_observation,new_sampled_point,best_observation,best_point,number_of_improvement
0,11,142.69081115722656,"[-0.7443909645080566, 0.2093648910522461, 0.2231682538986206, -0.7487220764160156, -0.19085192680358887]",4.576705455780029,"[0.8754712343215942, 0.873501181602478, 0.9458339214324951, 0.9188523292541504, 0.8482335805892944]",0
