iteration,number_of_points,new_sampled_point_observation,new_sampled_point,best_observation,best_point,number_of_improvement
0,11,530.4990234375,"[-0.8703363537788391, -0.43505698442459106, 0.9818773865699768, 0.9796818494796753, -0.8287355303764343]",4.576705455780029,"[0.8754712343215942, 0.873501181602478, 0.9458339214324951, 0.9188523292541504, 0.8482335805892944]",0
