iteration,number_of_points,new_sampled_point_observation,new_sampled_point,best_observation,best_point,number_of_improvement
0,11,383.3370056152344,"[0.8988011479377747, -0.22225509583950043, 0.19728320837020874, 0.713233470916748, -0.999160885810852]",4.576705455780029,"[0.8754712343215942, 0.873501181602478, 0.9458339214324951, 0.9188523292541504, 0.8482335805892944]",0
