iteration,number_of_points,new_sampled_point_observation,new_sampled_point,best_observation,best_point,number_of_improvement
0,11,351.0716552734375,"[0.96247798204422, -0.7580494284629822, 0.5744219422340393, 0.28145015239715576, 0.875463604927063]",4.576705455780029,"[0.8754712343215942, 0.873501181602478, 0.9458339214324951, 0.9188523292541504, 0.8482335805892944]",0
