iteration,number_of_points,new_sampled_point_observation,new_sampled_point,best_observation,best_point,number_of_improvement
0,11,291.8772277832031,"[-0.259248822927475, 0.20106057822704315, 0.8980640172958374, 0.6791830062866211, -0.9966593980789185]",4.576705455780029,"[0.8754712343215942, 0.873501181602478, 0.9458339214324951, 0.9188523292541504, 0.8482335805892944]",0
