iteration,number_of_points,new_sampled_point_observation,new_sampled_point,best_observation,best_point,number_of_improvement
0,11,254.9309844970703,"[0.7151607275009155, -0.7810714244842529, 0.6441095471382141, 0.11536166816949844, 0.8771828413009644]",4.576705455780029,"[0.8754712343215942, 0.873501181602478, 0.9458339214324951, 0.9188523292541504, 0.8482335805892944]",0
