iteration,number_of_points,new_sampled_point_observation,new_sampled_point,best_observation,best_point,number_of_improvement
0,11,190.59388732910156,"[-0.007663975935429335, -0.41461044549942017, 0.8992894887924194, 0.8652620911598206, -0.33363625407218933]",4.576705455780029,"[0.8754712343215942, 0.873501181602478, 0.9458339214324951, 0.9188523292541504, 0.8482335805892944]",0
