iteration,number_of_points,new_sampled_point_observation,new_sampled_point,best_observation,best_point,number_of_improvement
0,11,145.8458709716797,"[-0.7025499939918518, 0.13204535841941833, 0.6772840619087219, 0.6270759105682373, -0.5150651931762695]",4.576705455780029,"[0.8754712343215942, 0.873501181602478, 0.9458339214324951, 0.9188523292541504, 0.8482335805892944]",0
