iteration,number_of_points,new_sampled_point_observation,new_sampled_point,best_observation,best_point,number_of_improvement
0,11,420.7019958496094,"[0.10506576299667358, -0.3364807069301605, 1.0, 0.9730985760688782, -0.862265408039093]",4.576705455780029,"[0.8754712343215942, 0.873501181602478, 0.9458339214324951, 0.9188523292541504, 0.8482335805892944]",0
