iteration,number_of_points,new_sampled_point_observation,new_sampled_point,best_observation,best_point,number_of_improvement
0,11,219.06544494628906,"[-0.587802529335022, 0.3546781539916992, 0.7693792581558228, -0.6890687942504883, 0.7518221139907837]",4.576705455780029,"[0.8754712343215942, 0.873501181602478, 0.9458339214324951, 0.9188523292541504, 0.8482335805892944]",0
