iteration,number_of_points,new_sampled_point_observation,new_sampled_point,best_observation,best_point,number_of_improvement
0,11,327.697998046875,"[0.8479303121566772, -0.623367190361023, 0.8183178901672363, 0.22992372512817383, -0.9789507389068604]",4.576705455780029,"[0.8754712343215942, 0.873501181602478, 0.9458339214324951, 0.9188523292541504, 0.8482335805892944]",0
