iteration,number_of_points,new_sampled_point_observation,new_sampled_point,best_observation,best_point,number_of_improvement
0,11,279.8872375488281,"[-0.9889516830444336, -0.4565204381942749, 0.9146381616592407, 0.8968849182128906, 0.38291430473327637]",4.576705455780029,"[0.8754712343215942, 0.873501181602478, 0.9458339214324951, 0.9188523292541504, 0.8482335805892944]",0
