iteration,number_of_points,new_sampled_point_observation,new_sampled_point,best_observation,best_point,number_of_improvement
0,11,152.6538543701172,"[0.1841294765472412, -0.9535626173019409, 0.9290411472320557, 0.8705543279647827, 0.046227097511291504]",4.576705455780029,"[0.8754712343215942, 0.873501181602478, 0.9458339214324951, 0.9188523292541504, 0.8482335805892944]",0
