iteration,number_of_points,new_sampled_point_observation,new_sampled_point,best_observation,best_point,number_of_improvement
0,11,484.0137939453125,"[0.600966215133667, -0.7552493810653687, 0.9764420986175537, -0.8401633501052856, 0.3244938850402832]",4.576705455780029,"[0.8754712343215942, 0.873501181602478, 0.9458339214324951, 0.9188523292541504, 0.8482335805892944]",0
