iteration,number_of_points,new_sampled_point_observation,new_sampled_point,best_observation,best_point,number_of_improvement
0,11,138.04998779296875,"[-0.9150389432907104, 0.44995272159576416, 0.78034508228302, -0.20984125137329102, 0.4580345153808594]",4.576705455780029,"[0.8754712343215942, 0.873501181602478, 0.9458339214324951, 0.9188523292541504, 0.8482335805892944]",0
