iteration,number_of_points,new_sampled_point_observation,new_sampled_point,best_observation,best_point,number_of_improvement
0,11,480.083251953125,"[-0.5930488109588623, 0.17161814868450165, 1.0, -0.9365516901016235, 0.9569279551506042]",4.576705455780029,"[0.8754712343215942, 0.873501181602478, 0.9458339214324951, 0.9188523292541504, 0.8482335805892944]",0
