iteration,number_of_points,new_sampled_point_observation,new_sampled_point,best_observation,best_point,number_of_improvement
0,11,364.215087890625,"[-0.8365927934646606, 0.9181380271911621, 0.9136952757835388, -0.9336843490600586, 0.24699684977531433]",4.576705455780029,"[0.8754712343215942, 0.873501181602478, 0.9458339214324951, 0.9188523292541504, 0.8482335805892944]",0
