iteration,number_of_points,new_sampled_point_observation,new_sampled_point,best_observation,best_point,number_of_improvement
0,11,230.40988159179688,"[-0.8056390285491943, 0.6390047073364258, 0.6755877733230591, -0.986754298210144, 0.6993366479873657]",4.576705455780029,"[0.8754712343215942, 0.873501181602478, 0.9458339214324951, 0.9188523292541504, 0.8482335805892944]",0
