iteration,number_of_points,new_sampled_point_observation,new_sampled_point,best_observation,best_point,number_of_improvement
0,11,287.9452819824219,"[-0.5978989601135254, 0.20819783210754395, 0.8433232307434082, -0.7544633150100708, 0.6504915952682495]",4.576705455780029,"[0.8754712343215942, 0.873501181602478, 0.9458339214324951, 0.9188523292541504, 0.8482335805892944]",0
