iteration,number_of_points,new_sampled_point_observation,new_sampled_point,best_observation,best_point,number_of_improvement
0,11,445.4825439453125,"[0.8642882108688354, -0.9470319747924805, 0.6892975568771362, 0.5132091045379639, -0.9610280990600586]",4.576705455780029,"[0.8754712343215942, 0.873501181602478, 0.9458339214324951, 0.9188523292541504, 0.8482335805892944]",0
