iteration,number_of_points,new_sampled_point_observation,new_sampled_point,best_observation,best_point,number_of_improvement
0,11,318.7057189941406,"[0.6285548210144043, -0.7487282752990723, 0.7703573703765869, -0.7180233001708984, 0.7440918684005737]",4.576705455780029,"[0.8754712343215942, 0.873501181602478, 0.9458339214324951, 0.9188523292541504, 0.8482335805892944]",0
